{"accuracy": 0.9862909367859863, "recall": 0.9862909367859863, "precision": 0.9849211281193552, "_timestamp": 1705929931.0177119, "_runtime": 23.156991958618164, "_step": 0, "_wandb": {"runtime": 19}}