{"accuracy": 0.984006092916984, "recall": 0.984006092916984, "precision": 0.9825234113300302, "_timestamp": 1705929089.2103803, "_runtime": 19.62589120864868, "_step": 0, "_wandb": {"runtime": 17}}