{"accuracy": 0.9695354150799695, "recall": 0.9695354150799695, "precision": 0.9676019669308414, "_timestamp": 1705932613.5305448, "_runtime": 13.763670682907104, "_step": 0, "_wandb": {"runtime": 12}}