{"accuracy": 0.9817212490479817, "recall": 0.9817212490479817, "precision": 0.98023438290175, "_timestamp": 1705934979.19196, "_runtime": 17.423217058181763, "_step": 0, "_wandb": {"runtime": 15}}